-- phpMyAdmin SQL Dump
-- version 4.1.14
-- http://www.phpmyadmin.net
--
-- Host: 127.0.0.1
-- Generation Time: Jan 26, 2015 at 04:56 PM
-- Server version: 5.6.17
-- PHP Version: 5.5.12

SET SQL_MODE = "NO_AUTO_VALUE_ON_ZERO";
SET time_zone = "+00:00";


/*!40101 SET @OLD_CHARACTER_SET_CLIENT=@@CHARACTER_SET_CLIENT */;
/*!40101 SET @OLD_CHARACTER_SET_RESULTS=@@CHARACTER_SET_RESULTS */;
/*!40101 SET @OLD_COLLATION_CONNECTION=@@COLLATION_CONNECTION */;
/*!40101 SET NAMES utf8 */;

--
-- Database: `t2d_db`
--

-- --------------------------------------------------------

--
-- Table structure for table `category`
--

CREATE TABLE IF NOT EXISTS `category` (
  `id_cat` int(2) NOT NULL DEFAULT '0',
  `name_cat` varchar(48) DEFAULT NULL,
  PRIMARY KEY (`id_cat`)
) ENGINE=InnoDB DEFAULT CHARSET=utf8;

--
-- Dumping data for table `category`
--

INSERT INTO `category` (`id_cat`, `name_cat`) VALUES
(1, 'การทักทาย'),
(2, 'อาหาร'),
(3, 'ครอบครัว'),
(4, 'สถานที่'),
(5, 'กิริยาอาการ'),
(6, 'ความสัมพันธ์'),
(7, 'อารมณ์ความรู้สึก'),
(8, 'จำนวน'),
(9, 'ตัวเลข'),
(10, 'วัน-เดือน-ปี'),
(11, 'คำถาม');

-- --------------------------------------------------------

--
-- Table structure for table `example`
--

CREATE TABLE IF NOT EXISTS `example` (
  `id_exam` int(2) NOT NULL,
  `exam` varchar(153) DEFAULT NULL,
  PRIMARY KEY (`id_exam`)
) ENGINE=InnoDB DEFAULT CHARSET=utf8;

--
-- Dumping data for table `example`
--

INSERT INTO `example` (`id_exam`, `exam`) VALUES
(1, 'สวัสดีค่ะคุณปู่วันนี้มาพร้อมคุณพ่อเลย'),
(2, 'สวัสดีวันชัยเพิ่งมาถึงวันนี้หรือ'),
(3, 'ผมขอบคุณคุณมากที่มาช่วยงาน'),
(4, 'ผมขอบคุณมากสำหรับอาหารมื้อนี้'),
(5, 'ฉันขอโทษที่เดินชนเธอ'),
(6, 'เขาสบายดีไม่ต้องเป็นห่วงนะ'),
(7, 'เธอไม่สบายใจที่ต้องโกหกเขา'),
(8, 'วันนี้กินข้าวกับแกงส้ม'),
(9, 'ฉันชอบกินไข่เจียว'),
(10, 'ก๋วยเตี๋ยวเป็นอาหารยอดนิยมของคนไทย'),
(11, 'คุณยายของเธอทำขนมจีนกับแกงไก่อร่อยมาก'),
(12, 'วันนี้มีข้าวผัดกับแกงจืดเป็นอาหารเช้า'),
(13, 'พ่อเป็นผู้นำในบ้านเป็นแบบอย่างของลูกๆ'),
(14, 'แม่รักลูกมากกว่าชีวิตของแม่เอง'),
(15, 'คนเป็นพี่ต้องคอยดูแลน้อง'),
(16, 'บดินทร์มีน้องหนึ่งคน'),
(17, 'ปู่ช่วยย่าของฉันรดน้ำต้นไม้ที่หน้าบ้าน'),
(18, 'พรุ่งนี้ฉันจะไปหาคุณย่าที่จ.ตาก'),
(19, 'สถานีตำรวจตั้งอยู่หน้าปากซอยนี้'),
(20, 'พ่อมักจะพาฉันไปไหว้พระที่วัดเสมอๆ'),
(21, 'เขาพาคุณป้าที่ขาเจ็บไปโรงพยาบาล'),
(22, 'โรงเรียนของฉันเป็นโรงเรียนเล็กๆอยู่ทางภาคเหนือ'),
(23, 'พี่รอเขาอยู่ที่สนามบิน'),
(24, 'เขายืนอยู่หน้าห้องตลอดเวลา'),
(25, 'นิดเดินไปโรงเรียน'),
(26, 'เขานั่งรอหมอที่หน้าห้องมายี่สิบนาทีแล้ว'),
(27, 'การออกกำลังกายด้วยการวิ่งสามารถทำได้ทุกเพศวัย'),
(28, 'เด็กๆกำลังกระโดดเล่นกันอยู่ที่สนามหญ้า'),
(29, 'งานแต่งงานครั้งนี้เธอกับเขาเตรียมงานมานานมาก'),
(30, 'พวกเขาหย่าร้างกันแล้ว'),
(31, 'เขามีแฟนหลายคน'),
(32, 'เขาเป็นคนโสดจึงใช้ชีวิตอย่างอิสระ'),
(33, 'ปองจิตแยกกันอยู่กับสมหมายมาเป็นสิบปีแล้ว'),
(34, 'น้องร้องไห้เพราะโดนพ่อตี'),
(35, 'พ่อแม่ดีใจเมื่อเห็นลูกประสบความสำเร็จ'),
(36, 'ป้าเสียใจที่หมาของหลานตาย'),
(37, 'เขาเศร้าที่ช่วยอะไรเพื่อนของเขาไม่ได้'),
(38, 'พี่โกรธน้องจึงลงโทษ'),
(39, 'คนรวยอยากมีเงินทองมากไม่รู้จักพอ'),
(40, 'แม่หั่นเนื้อมาเพิ่มให้ที่โต๊ะ'),
(41, 'แขนเสื้อตัดมาไม่เท่ากันต้องไปให้ช่างแก้ไหม่'),
(42, 'สามลบสองเท่ากับหนึ่ง'),
(43, 'สามลบหนึ่งเท่ากับสอง'),
(44, 'เป็ด 3 ตัวอยู่ในคลอง'),
(45, 'กระดาษ 4 แผ่น'),
(46, 'มังคุด 5 ผล'),
(47, 'ละมุด 6 ผล'),
(48, 'ลำไย 7 กิโลกรัม'),
(49, 'มะเฟือง 8 ผล'),
(50, 'มะไฟ 9 พวง'),
(51, 'แปดบวกสองเท่ากับสิบ'),
(52, 'วันจันทร์เป็นวันเปิดเรียนวันแรกของสัปดาห์'),
(53, 'เขานัดลูกน้องประชุมวันอังคารนี้'),
(54, 'ทุกวันพุธบัตรชมภาพยนตร์จะลดราคา'),
(55, 'วันพฤหัสบดีนี้คุณยายจะมาหาเราที่บ้าน'),
(56, 'วันศุกร์เป็นวันทำงานและการเรียนวันสุดท้ายของสัปดาห์'),
(57, 'ทุกวันเสาร์พ่อจะพาครอบครัวของเราไปกินข้าวนอกบ้าน'),
(58, 'วันอาทิตย์เป็นวันหยุดสุดสัปดาห์'),
(59, 'เขาเกิดเดือนมกราคม'),
(60, 'เดือนกุมภาพันธ์ปีนี้มี'),
(61, 'หัวหน้าคนนี้มาทำงานตอนเดือนมีนาคมที่ผ่านมา'),
(62, 'เดือนเมษายนมีเทศกาลสงกรานต์'),
(63, 'เขามาถึงฝรั่งเศสในเดือนพฤษภาคม'),
(64, 'มหาวิทยาลัยเปิดในเดือนมิถุนายน'),
(65, 'เดือนกรกฎาคมปีนี้มีการเลือกตั้ง'),
(66, 'วันแม่อยู่ในเดือนสิงหาคม'),
(67, 'มีคนเกิดเดือนกันยายนสิบคน'),
(68, 'โรงเรียนปิดเดือนตุลาคม'),
(69, 'ดาวหางดวงหนึ่งจะโคจรมาเดือนพฤศจิกายนนี้'),
(70, 'เดือนธันวาคมเป็นเดือนสุดท้ายของปี'),
(71, 'อะไรอยู่ในถุง'),
(72, 'ใครที่ไม่เข้าใจฉัน'),
(73, 'ทำไมเธอถึงเลือกเขาแทนที่จะเลือกฉัน'),
(74, 'เธอจะเลือกอันไหนและจะไปไหน'),
(75, 'แก้วใบนี้ราคาเท่าไร'),
(76, 'พี่ชายจะเป็นอย่างไร');

-- --------------------------------------------------------

--
-- Table structure for table `image`
--

CREATE TABLE IF NOT EXISTS `image` (
  `id_img` int(2) NOT NULL,
  `name_img` varchar(15) DEFAULT NULL,
  `path_img` varchar(10) DEFAULT NULL,
  `dateTime_img` varchar(10) DEFAULT NULL,
  PRIMARY KEY (`id_img`)
) ENGINE=InnoDB DEFAULT CHARSET=utf8;

--
-- Dumping data for table `image`
--

INSERT INTO `image` (`id_img`, `name_img`, `path_img`, `dateTime_img`) VALUES
(1, 'airport', '', ''),
(2, 'hospital', '', ''),
(3, 'police_station', '', ''),
(4, 'school', '', ''),
(5, 'temple', '', ''),
(6, 'hello', '', ''),
(7, 'hello_high', '', ''),
(8, 'fine', '', ''),
(9, 'not_well', '', ''),
(10, 'thankyou', '', ''),
(11, 'apologize', '', ''),
(12, 'rice', '', ''),
(13, 'omelette', '', ''),
(14, 'noodle', '', ''),
(15, 'rice_vermicelli', '', ''),
(16, 'fried_rice', '', ''),
(17, 'father', '', ''),
(18, 'mother', '', ''),
(19, 'sister', '', ''),
(20, 'grand_fa', '', ''),
(21, 'grand_mo', '', ''),
(22, 'stand', '', ''),
(23, 'walk', '', ''),
(24, 'sit', '', ''),
(25, 'run', '', ''),
(26, 'jump', '', ''),
(27, 'marry', '', ''),
(28, 'divorce', '', ''),
(29, 'g_b_friend', '', ''),
(30, 'single', '', ''),
(31, 'separated', '', ''),
(32, 'cry', '', ''),
(33, 'glad', '', ''),
(34, 'sad', '', ''),
(35, 'sorry', '', ''),
(36, 'angry', '', ''),
(37, 'very', '', ''),
(38, 'little', '', ''),
(39, 'equal', '', ''),
(40, 'more', '', ''),
(41, 'less', '', ''),
(42, 'one', '', ''),
(43, 'two', '', ''),
(44, 'three', '', ''),
(45, 'four', '', ''),
(46, 'five', '', ''),
(47, 'six', '', ''),
(48, 'seven', '', ''),
(49, 'eight', '', ''),
(50, 'nine', '', ''),
(51, 'ten', '', ''),
(52, 'monday', '', ''),
(53, 'tuesday', '', ''),
(54, 'wednesday', '', ''),
(55, 'thursday', '', ''),
(56, 'friday', '', ''),
(57, 'saturday', '', ''),
(58, 'sunday', '', ''),
(59, 'january', '', ''),
(60, 'february', '', ''),
(61, 'march', '', ''),
(62, 'april', '', ''),
(63, 'may', '', ''),
(64, 'june', '', ''),
(65, 'july', '', ''),
(66, 'august', '', ''),
(67, 'september', '', ''),
(68, 'october', '', ''),
(69, 'november', '', ''),
(70, 'december', '', ''),
(71, 'what', '', ''),
(72, 'who', '', ''),
(73, 'why', '', ''),
(74, 'where', '', ''),
(75, 'howmuch', '', '');

-- --------------------------------------------------------

--
-- Table structure for table `type`
--

CREATE TABLE IF NOT EXISTS `type` (
  `id_type` int(1) NOT NULL,
  `name_type` varchar(27) DEFAULT NULL,
  PRIMARY KEY (`id_type`),
  KEY `id_type` (`id_type`)
) ENGINE=InnoDB DEFAULT CHARSET=utf8;

--
-- Dumping data for table `type`
--

INSERT INTO `type` (`id_type`, `name_type`) VALUES
(1, 'คำนาม'),
(2, 'คำสรรพนาม'),
(3, 'คำกริยา'),
(4, 'คำวิเศษณ์'),
(5, 'คำบุพบท'),
(6, 'คำสันธาน'),
(7, 'คำอุทาน');

-- --------------------------------------------------------

--
-- Table structure for table `video`
--

CREATE TABLE IF NOT EXISTS `video` (
  `id_vid` int(2) NOT NULL,
  `name_vid` varchar(15) DEFAULT NULL,
  `path_vid` varchar(10) DEFAULT NULL,
  `dateTime_vid` varchar(10) DEFAULT NULL,
  PRIMARY KEY (`id_vid`)
) ENGINE=InnoDB DEFAULT CHARSET=utf8;

--
-- Dumping data for table `video`
--

INSERT INTO `video` (`id_vid`, `name_vid`, `path_vid`, `dateTime_vid`) VALUES
(1, 'hello', '', ''),
(2, 'hello_high', '', ''),
(3, 'fine', '', ''),
(4, 'not_well', '', ''),
(5, 'thankyou', '', ''),
(6, 'apologize', '', ''),
(7, 'rice', '', ''),
(8, 'omelette', '', ''),
(9, 'noodle', '', ''),
(10, 'rice_vermicelli', '', ''),
(11, 'fried_rice', '', ''),
(12, 'father', '', ''),
(13, 'mother', '', ''),
(14, 'sister', '', ''),
(15, 'grand_fa', '', ''),
(16, 'grand_mo', '', ''),
(17, 'police_station', '', ''),
(18, 'temple', '', ''),
(19, 'hospital', '', ''),
(20, 'school', '', ''),
(21, 'airport', '', ''),
(22, 'stand', '', ''),
(23, 'walk', '', ''),
(24, 'sit', '', ''),
(25, 'run', '', ''),
(26, 'jump', '', ''),
(27, 'marry', '', ''),
(28, 'divorce', '', ''),
(29, 'g_b_friend', '', ''),
(30, 'single', '', ''),
(31, 'separated', '', ''),
(32, 'cry', '', ''),
(33, 'glad', '', ''),
(34, 'sad', '', ''),
(35, 'sorry', '', ''),
(36, 'angry', '', ''),
(37, 'very', '', ''),
(38, 'little', '', ''),
(39, 'equal', '', ''),
(40, 'more', '', ''),
(41, 'less', '', ''),
(42, 'one', '', ''),
(43, 'two', '', ''),
(44, 'three', '', ''),
(45, 'four', '', ''),
(46, 'five', '', ''),
(47, 'six', '', ''),
(48, 'seven', '', ''),
(49, 'eight', '', ''),
(50, 'nine', '', ''),
(51, 'ten', '', ''),
(52, 'monday', '', ''),
(53, 'tuesday', '', ''),
(54, 'wednesday', '', ''),
(55, 'thursday', '', ''),
(56, 'friday', '', ''),
(57, 'saturday', '', ''),
(58, 'sunday', '', ''),
(59, 'january', '', ''),
(60, 'february', '', ''),
(61, 'march', '', ''),
(62, 'april', '', ''),
(63, 'may', '', ''),
(64, 'june', '', ''),
(65, 'july', '', ''),
(66, 'august', '', ''),
(67, 'september', '', ''),
(68, 'october', '', ''),
(69, 'november', '', ''),
(70, 'december', '', ''),
(71, 'what', '', ''),
(72, 'who', '', ''),
(73, 'why', '', ''),
(74, 'where', '', ''),
(75, 'howmuch', '', '');

-- --------------------------------------------------------

--
-- Table structure for table `vocabulary`
--

CREATE TABLE IF NOT EXISTS `vocabulary` (
  `id_voc` int(2) NOT NULL,
  `name_voc` varchar(56) DEFAULT NULL,
  `des_voc` varchar(402) DEFAULT NULL,
  `video_id_vid` int(2) DEFAULT NULL,
  `categories_id_cat` int(2) DEFAULT NULL,
  `type_id_type` int(1) DEFAULT NULL,
  `example_id_exam` int(2) DEFAULT NULL,
  `image_id_img` int(2) DEFAULT NULL,
  PRIMARY KEY (`id_voc`)
) ENGINE=InnoDB DEFAULT CHARSET=utf8;

--
-- Dumping data for table `vocabulary`
--

INSERT INTO `vocabulary` (`id_voc`, `name_voc`, `des_voc`, `video_id_vid`, `categories_id_cat`, `type_id_type`, `example_id_exam`, `image_id_img`) VALUES
(1, 'สวัสดี(อายุน้อยกว่า)', 'คำทักทายกับคนที่มีอายุหรือตำแหน่งน้อยกว่า เท่ากันหรือเพื่อน', 1, 1, 3, 1, 6),
(2, 'สวัสดี(อายุมากกว่า)', 'คำทักทายเมื่อแรกเจอผู้ที่เราเคารพ ใช้กับผู้อาวุโส ผู้ใหญ่ หรือบุคคลที่มีตำแหน่งสูง', 2, 1, 3, 2, 7),
(3, 'ขอบคุณ', 'กล่าวแสดงความรู้สึกถึงบุญคุณหรือกล่าวเมื่อได้รับความช่วยเหลือ', 5, 1, 3, 3, 10),
(4, 'ขอบคุณมาก', 'คำแสดงการตอบรับต่อน้ำใจหรือบุญคุณที่ผู้อื่นทำให้อย่างมาก', 0, 0, 0, 0, 0),
(6, 'ขอโทษ', 'ขออภัยเมื่อได้ทำผิดพลาดอย่างใดอย่างหนึ่ง', 6, 1, 3, 5, 11),
(7, 'สบายดี', 'สภาวะปกติของทั้งร่างกายและจิตใจ ร่างกายไม่เจ็บป่วย รวมทั้งอารมณ์ดี มีความสุข ไม่มีอะไรให้กังวล', 3, 1, 3, 6, 8),
(8, 'ไม่สบายใจ', 'ไม่มีความสุข มีเรื่องกังวล', 4, 1, 3, 7, 9),
(9, 'ข้าว', 'ชื่อไม้ล้มลุก เมล็ดเมื่อนำมาหุงใช้สำหรับรับประทาน มีหลายพันธุ์ เช่น ข้าวเหนียว ข้าวเจ้า เป็นต้น', 7, 2, 1, 8, 12),
(10, 'ไข่เจียว', 'ไข่ที่ตีไข่แดงกับไข่ขาวให้เข้ากันแล้วเทลงกระทะทอดในนํ้ามัน', 8, 2, 1, 9, 13),
(11, 'ก๋วยเตี๋ยว', 'อาหารที่นำแป้งมาทำเป็นเส้น ลวกพร้อมถั่วงอกในน้ำต้ม ใส่เครื่อง เช่น หมู ลูกชิ้น กินแบบแห้งหรือน้ำก็ได้', 9, 2, 3, 10, 14),
(12, 'ขนมจีน', 'แป้งที่นำมาทำเป็นเส้นกลมเล็ก จับให้เป็นแพ กินกับน้ำยา น้ำพริก แกงเผ็ด เป็นต้น', 10, 2, 3, 11, 15),
(13, 'ข้าวผัด', 'ข้าวสุกผัดกับน้ำมัน อาจใส่ไข่ เนื้อสัตว์ ผัก และเครื่องปรุงอื่นๆ เพิ่มเติม', 11, 2, 1, 12, 16),
(14, 'พ่อ', 'ชายผู้ให้กําเนิดแก่ลูก คําที่ลูกเรียกชายผู้ให้กําเนิดหรือเลี้ยงดูตน คําที่ผู้ใหญ่เรียกผู้ชายที่มีอายุน้อยกว่าด้วยความสนิทสนม หรือรักใคร่', 12, 3, 1, 13, 17),
(15, 'แม่', 'หญิงผู้ให้กําเนิดหรือเลี้ยงดูลูก คําที่ลูกเรียกหญิงผู้ให้กําเนิดหรือเลี้ยงดูตน', 13, 3, 1, 14, 18),
(16, 'พี่', 'บุคคลที่ร่วมบิดาหรือมารดาเดียวกันและเกิดก่อน, คำเรียกบุคคลที่มีอายุหรือศักดิ์เสมอพี่', 0, 0, 0, 0, 0),
(17, 'น้อง', 'คนร่วมสายเลือดที่อายุน้อยกว่าผู้พูด', 14, 3, 1, 16, 19),
(18, 'ปู่', 'คำเรียกพ่อของพ่อ สามีของย่า คำเรียกชายที่มีอายุหรือนับถืออย่างปู่', 15, 3, 1, 17, 20),
(19, 'ย่า', 'แม่ของพ่อ', 16, 3, 1, 18, 21),
(20, 'สถานีตำรวจ', 'สถานที่ทำการของตำรวจ', 17, 4, 1, 19, 3),
(21, 'วัด', 'สถานที่ทางศาสนา ประกอบด้วยโบสถ์ วิหาร และที่อยู่ของสงฆ์หรือนักบวช', 18, 4, 1, 20, 5),
(22, 'โรงพยาบาล', 'สถานที่รักษาดูแลผู้ป่วยซึ่งเป็นที่ทำงานของหมอและพยาบาล', 19, 4, 1, 21, 2),
(23, 'โรงเรียน', 'สถานศึกษา', 20, 4, 1, 22, 4),
(24, 'สนามบิน', 'สถานที่จอดรับ-ส่งของการเดินทางทางอากาศหรือเครื่องบิน', 21, 4, 1, 23, 1),
(25, 'ยืน', 'สภาพของร่างกายที่วางเท้าทั้งสองติดกับพื้นตั้งตัวตรงตั้งฉากกับพื้นโลก', 22, 5, 3, 24, 22),
(26, 'เดิน', 'ยกเท้าก้าวไป', 23, 5, 3, 25, 23),
(27, 'นั่ง', 'อาการที่หย่อนก้นให้ติดกับพื้นที่ใดพื้นที่หนึ่ง', 24, 5, 3, 26, 24),
(28, 'วิ่ง', 'ใช้ขาและเท้าพาตัวเคลื่อนไปอย่างรวดเร็ว', 25, 5, 3, 27, 25),
(29, 'กระโดด', 'ใช้เท้าทั้งคู่ถืบตัวทำให้ขาทั้งคู่ลอยขึ้นสูงจากพื้นหรือที่ที่ยืนอยู่', 26, 5, 3, 28, 26),
(30, 'แต่งงาน', 'ทำพิธีเพื่อให้ชายหญิงอยู่กินเป็นผัวเมียกันตามประเพณี', 27, 6, 3, 29, 27),
(31, 'หย่าร้าง', 'การยกเลิกสถานภาพการเป็นคู่ครองกัน', 28, 6, 3, 30, 28),
(32, 'แฟน', 'คนที่ชอบพอกันเป็นคู่รักหรือคนรัก', 29, 6, 1, 31, 29),
(33, 'โสด', 'สถานภาพของคนที่ไม่มีคู่ครอง', 30, 6, 4, 32, 30),
(34, 'แยกกันอยู่', 'การที่คู่ครองไม่ได้อยู่ด้วยกันหรือคู่ครองต่างคนต่างอยู่', 31, 6, 3, 33, 31),
(35, 'ร้องไห้', 'อาการที่นํ้าตาไหล เพราะมีความรู้สึกอันแรงกล้ากับบางอย่าง เช่น เจ็บปวด เศร้าโศก ดีใจ', 32, 7, 3, 34, 32),
(36, 'ดีใจ', 'ยินดี ชอบใจ พอใจ', 33, 7, 3, 35, 33),
(37, 'เสียใจ', 'ไม่สบายใจ ผิดหวัง เพราะมีเรื่องไม่สมประสงค์ ไม่พึงพอใจ หรือไม่ได้ดั่งใจ', 34, 7, 3, 36, 34),
(38, 'เศร้า', 'ไม่มีความสุข ไม่มีความเบิกบาน หรือเสียใจ', 35, 7, 3, 37, 35),
(39, 'โกรธ', 'อารมณ์ขุ่นเคืองใจหรือไม่พอใจอย่างยิ่ง', 36, 7, 3, 38, 36),
(40, 'มาก', 'เยอะ อย่างยิ่ง', 37, 8, 4, 39, 37),
(41, 'น้อย', 'เล็ก ไม่มาก', 38, 8, 4, 40, 38),
(42, 'เท่ากัน', 'มีความเท่าเทียมกันหรือเหมือนกัน', 39, 8, 4, 41, 39),
(43, 'มากกว่า', '', 0, 0, 0, 0, 0),
(44, 'น้อยกว่า', '', 0, 0, 0, 0, 0),
(45, '1', 'ตัวเลขตัวแรกของจำนวนนับ จำนวนเดียว คนเดียว สิ่งเดียว', 42, 9, 1, 42, 42),
(46, '2', 'จํานวนหนึ่งบวกหนึ่ง', 43, 9, 1, 43, 43),
(47, '3', 'จำนวนนับ 3', 44, 9, 1, 44, 44),
(48, '4', 'จำนวนนับ 4', 45, 9, 1, 45, 45),
(49, '5', 'จำนวนนับ 5', 46, 9, 1, 46, 46),
(50, '6', 'จำนวนนับ 6', 47, 9, 1, 47, 47),
(51, '7', 'จำนวนนับ 7', 48, 9, 1, 48, 48),
(52, '8', 'จำนวนนับ 8', 49, 9, 1, 49, 49),
(53, '9', 'จำนวนนับ 9', 50, 9, 1, 50, 50),
(54, '10', 'จํานวนเก้าบวกหนึ่ง จำนวนเท่ากับนิ้วมือหรือนิ้วเท้า', 51, 9, 1, 51, 51),
(55, 'วันจันทร์', 'วันที่ 2 ของสัปดาห์', 52, 10, 1, 52, 52),
(56, 'วันอังคาร', 'วันที่ 3 ของสัปดาห์', 53, 10, 1, 53, 53),
(57, 'วันพุธ', 'วันที่ 4 ของสัปดาห์ วันกลางสัปดาห์', 54, 10, 1, 54, 54),
(58, 'วันพฤหัสบดี', 'วันที่ 5 ของสัปดาห์ ถือเป็นวันครู', 55, 10, 1, 55, 55),
(59, 'วันศุกร์', 'วันที่ 6 ของสัปดาห์', 56, 10, 1, 56, 56),
(60, 'วันเสาร์', 'วันที่ 7 ของสัปดาห์', 57, 10, 1, 57, 57),
(61, 'วันอาทิตย์', 'วันแรกของสัปดาห์', 58, 10, 1, 58, 58),
(62, 'เดือนมกราคม', 'เดือนที่ 1 ของปีเป็นเดือนแรกของปีในการนับทางสุริยคติ', 59, 10, 1, 59, 59),
(63, 'เดือนกุมภาพันธ์', 'เดือนที่ 2 ของปีในการนับทางสุริยคติ', 60, 10, 1, 60, 60),
(64, 'เดือนมีนาคม', 'เดือนที่ 3 ของปีในการนับทางสุริยคติ', 61, 10, 1, 61, 61),
(65, 'เดือนเมษายน', 'เดือนที่ 4 ของปีในการนับทางสุริยคติ', 62, 10, 1, 62, 62),
(66, 'เดือนพฤษภาคม', 'เดือนที่ 5 ของปีในการนับทางสุริยคติ', 63, 10, 1, 63, 63),
(67, 'เดือนมิถุนายน', 'เดือนที่ 6 ของปีในการนับทางสุริยคติ', 64, 10, 1, 64, 64),
(68, 'เดือนกรกฎาคม', 'เดือนที่ 7 ของปีในการนับทางสุริยคติ', 65, 10, 1, 65, 65),
(69, 'เดือนสิงหาคม', 'เดือนที่ 8 ของปีในการนับทางสุริยคติ', 66, 10, 1, 66, 66),
(70, 'เดือนกันยายน', 'เดือนที่ 9 ของปีในการนับทางสุริยคติ', 67, 10, 1, 67, 67),
(71, 'เดือนตุลาคม', 'เดือนที่ 10 ของปีในการนับทางสุริยคติ', 68, 10, 1, 68, 68),
(72, 'เดือนพฤศจิกายน', 'เดือนที่ 11 ของปีในการนับทางสุริยคติ', 69, 10, 1, 69, 69),
(73, 'เดือนธันวาคม', 'เดือนที่ 12 ของปีในการนับทางสุริยคติ', 70, 10, 1, 70, 70),
(74, 'ปีชวด', '', 0, 10, 0, 0, 0),
(75, 'ปีฉลู', '', 0, 10, 0, 0, 0),
(76, 'ปีขาล', '', 0, 10, 0, 0, 0),
(77, 'ปีเถาะ', '', 0, 10, 0, 0, 0),
(78, 'ปีมะโรง', '', 0, 10, 0, 0, 0),
(79, 'ปีมะเส็ง', '', 0, 10, 0, 0, 0),
(80, 'ปีมะเมีย', '', 0, 10, 0, 0, 0),
(81, 'ปีมะแม', '', 0, 10, 0, 0, 0),
(82, 'ปีวอก', '', 0, 10, 0, 0, 0),
(83, 'ปีระกา', '', 0, 10, 0, 0, 0),
(84, 'ปีจอ', '', 0, 10, 0, 0, 0),
(85, 'ปีกุน', '', 0, 10, 0, 0, 0),
(86, 'อะไร', 'คำแสดงการถามเมื่ออยากรู้ในสิ่งใดสิ่งหนึ่ง', 71, 11, 4, 71, 71),
(87, 'ใคร', 'ใช้เป็นคำถามถึงบุคคลใดบุคคลหนึ่ง', 72, 11, 2, 72, 72),
(88, 'ทำไม', 'เพราะเหตุไร เพราะอะไร เพื่ออะไร', 73, 11, 4, 73, 73),
(89, 'ไหน / ที่ไหน', 'แห่งใด แห่งใดแห่งหนึ่ง แห่งใดก็ตาม', 74, 11, 4, 74, 74),
(90, 'เท่าไร', 'การถามเพื่อบอกปริมาณกี่มากน้อย เท่าใด', 75, 11, 4, 75, 75),
(91, 'อย่างไร', 'กลุ่มของคำแสดงการถามถึงความเป็นไป ความเป็นอยู่ วิธีการ หรือความคิดเห็น', 0, 0, 0, 0, 0);

/*!40101 SET CHARACTER_SET_CLIENT=@OLD_CHARACTER_SET_CLIENT */;
/*!40101 SET CHARACTER_SET_RESULTS=@OLD_CHARACTER_SET_RESULTS */;
/*!40101 SET COLLATION_CONNECTION=@OLD_COLLATION_CONNECTION */;
